<?xml version="1.0" encoding="UTF-8"?>
<!DOCTYPE nmaprun>
<?xml-stylesheet href="file:///usr/bin/../share/nmap/nmap.xsl" type="text/xsl"?>
<!-- Nmap 7.70 scan initiated Thu Jun  6 17:11:44 2019 as: nmap -T4 -v -oA shares -&#45;script smb-enum-shares -&#45;script-args smbuser=username,smbpass=password -p445 10.10.10.123 -->
<nmaprun scanner="nmap" args="nmap -T4 -v -oA shares -&#45;script smb-enum-shares -&#45;script-args smbuser=username,smbpass=password -p445 10.10.10.123" start="1559830304" startstr="Thu Jun  6 17:11:44 2019" version="7.70" xmloutputversion="1.04">
<scaninfo type="syn" protocol="tcp" numservices="1" services="445"/>
<verbose level="1"/>
<debugging level="0"/>
<taskbegin task="NSE" time="1559830304"/>
<taskend task="NSE" time="1559830304"/>
<taskbegin task="Ping Scan" time="1559830304"/>
<taskend task="Ping Scan" time="1559830304" extrainfo="1 total hosts"/>
<taskbegin task="Parallel DNS resolution of 1 host." time="1559830304"/>
<taskend task="Parallel DNS resolution of 1 host." time="1559830304"/>
<taskbegin task="SYN Stealth Scan" time="1559830304"/>
<taskend task="SYN Stealth Scan" time="1559830304" extrainfo="1 total ports"/>
<taskbegin task="NSE" time="1559830304"/>
<taskend task="NSE" time="1559830340"/>
<host starttime="1559830304" endtime="1559830340"><status state="up" reason="echo-reply" reason_ttl="63"/>
<address addr="10.10.10.123" addrtype="ipv4"/>
<hostnames>
</hostnames>
<ports><port protocol="tcp" portid="445"><state state="open" reason="syn-ack" reason_ttl="63"/><service name="microsoft-ds" method="table" conf="3"/></port>
</ports>
<hostscript><script id="smb-enum-shares" output="&#xa;  account_used: username&#xa;  \\10.10.10.123\Development: &#xa;    Type: STYPE_DISKTREE&#xa;    Comment: FriendZone Samba Server Files&#xa;    Users: 0&#xa;    Max Users: &lt;unlimited&gt;&#xa;    Path: C:\etc\Development&#xa;    Anonymous access: READ/WRITE&#xa;    Current user access: READ/WRITE&#xa;  \\10.10.10.123\Files: &#xa;    Type: STYPE_DISKTREE&#xa;    Comment: FriendZone Samba Server Files /etc/Files&#xa;    Users: 0&#xa;    Max Users: &lt;unlimited&gt;&#xa;    Path: C:\etc\hole&#xa;    Anonymous access: &lt;none&gt;&#xa;    Current user access: &lt;none&gt;&#xa;  \\10.10.10.123\IPC$: &#xa;    Type: STYPE_IPC_HIDDEN&#xa;    Comment: IPC Service (FriendZone server (Samba, Ubuntu))&#xa;    Users: 5&#xa;    Max Users: &lt;unlimited&gt;&#xa;    Path: C:\tmp&#xa;    Anonymous access: READ/WRITE&#xa;    Current user access: READ/WRITE&#xa;  \\10.10.10.123\general: &#xa;    Type: STYPE_DISKTREE&#xa;    Comment: FriendZone Samba Server Files&#xa;    Users: 1&#xa;    Max Users: &lt;unlimited&gt;&#xa;    Path: C:\etc\general&#xa;    Anonymous access: READ/WRITE&#xa;    Current user access: READ/WRITE&#xa;  \\10.10.10.123\print$: &#xa;    Type: STYPE_DISKTREE&#xa;    Comment: Printer Drivers&#xa;    Users: 0&#xa;    Max Users: &lt;unlimited&gt;&#xa;    Path: C:\var\lib\samba\printers&#xa;    Anonymous access: &lt;none&gt;&#xa;    Current user access: &lt;none&gt;"><elem key="account_used">username</elem>
<table key="\\10.10.10.123\Development">
<elem key="Type">STYPE_DISKTREE</elem>
<elem key="Comment">FriendZone Samba Server Files</elem>
<elem key="Users">0</elem>
<elem key="Max Users">&lt;unlimited&gt;</elem>
<elem key="Path">C:\etc\Development</elem>
<elem key="Anonymous access">READ/WRITE</elem>
<elem key="Current user access">READ/WRITE</elem>
</table>
<table key="\\10.10.10.123\Files">
<elem key="Type">STYPE_DISKTREE</elem>
<elem key="Comment">FriendZone Samba Server Files /etc/Files</elem>
<elem key="Users">0</elem>
<elem key="Max Users">&lt;unlimited&gt;</elem>
<elem key="Path">C:\etc\hole</elem>
<elem key="Anonymous access">&lt;none&gt;</elem>
<elem key="Current user access">&lt;none&gt;</elem>
</table>
<table key="\\10.10.10.123\IPC$">
<elem key="Type">STYPE_IPC_HIDDEN</elem>
<elem key="Comment">IPC Service (FriendZone server (Samba, Ubuntu))</elem>
<elem key="Users">5</elem>
<elem key="Max Users">&lt;unlimited&gt;</elem>
<elem key="Path">C:\tmp</elem>
<elem key="Anonymous access">READ/WRITE</elem>
<elem key="Current user access">READ/WRITE</elem>
</table>
<table key="\\10.10.10.123\general">
<elem key="Type">STYPE_DISKTREE</elem>
<elem key="Comment">FriendZone Samba Server Files</elem>
<elem key="Users">1</elem>
<elem key="Max Users">&lt;unlimited&gt;</elem>
<elem key="Path">C:\etc\general</elem>
<elem key="Anonymous access">READ/WRITE</elem>
<elem key="Current user access">READ/WRITE</elem>
</table>
<table key="\\10.10.10.123\print$">
<elem key="Type">STYPE_DISKTREE</elem>
<elem key="Comment">Printer Drivers</elem>
<elem key="Users">0</elem>
<elem key="Max Users">&lt;unlimited&gt;</elem>
<elem key="Path">C:\var\lib\samba\printers</elem>
<elem key="Anonymous access">&lt;none&gt;</elem>
<elem key="Current user access">&lt;none&gt;</elem>
</table>
</script></hostscript><times srtt="133129" rttvar="101359" to="538565"/>
</host>
<taskbegin task="NSE" time="1559830340"/>
<taskend task="NSE" time="1559830340"/>
<runstats><finished time="1559830340" timestr="Thu Jun  6 17:12:20 2019" elapsed="36.07" summary="Nmap done at Thu Jun  6 17:12:20 2019; 1 IP address (1 host up) scanned in 36.07 seconds" exit="success"/><hosts up="1" down="0" total="1"/>
</runstats>
</nmaprun>
