<?xml version="1.0" encoding="UTF-8" standalone="yes"?>
<cp:coreProperties xmlns:cp="http://schemas.openxmlformats.org/package/2006/metadata/core-properties" xmlns:dc="http://purl.org/dc/elements/1.1/" xmlns:dcterms="http://purl.org/dc/terms/" xmlns:dcmitype="http://purl.org/dc/dcmitype/" xmlns:xsi="http://www.w3.org/2001/XMLSchema-instance"><dc:creator>Luis</dc:creator><cp:lastModifiedBy>Luis</cp:lastModifiedBy><dcterms:created xsi:type="dcterms:W3CDTF">2019-01-21T20:38:56Z</dcterms:created><dcterms:modified xsi:type="dcterms:W3CDTF">2019-01-27T22:21:34Z</dcterms:modified></cp:coreProperties>