<?xml version="1.0" encoding="UTF-8" standalone="yes"?>
<workbook xmlns="http://schemas.openxmlformats.org/spreadsheetml/2006/main" xmlns:r="http://schemas.openxmlformats.org/officeDocument/2006/relationships" xmlns:mc="http://schemas.openxmlformats.org/markup-compatibility/2006" mc:Ignorable="x15 xr xr6 xr10 xr2" xmlns:x15="http://schemas.microsoft.com/office/spreadsheetml/2010/11/main" xmlns:xr="http://schemas.microsoft.com/office/spreadsheetml/2014/revision" xmlns:xr6="http://schemas.microsoft.com/office/spreadsheetml/2016/revision6" xmlns:xr10="http://schemas.microsoft.com/office/spreadsheetml/2016/revision10" xmlns:xr2="http://schemas.microsoft.com/office/spreadsheetml/2015/revision2"><fileVersion appName="xl" lastEdited="7" lowestEdited="7" rupBuild="21126" codeName="{22E68647-3C60-695B-3CA0-4895CD717B8A}"/><workbookPr codeName="ThisWorkbook" defaultThemeVersion="166925"/><mc:AlternateContent xmlns:mc="http://schemas.openxmlformats.org/markup-compatibility/2006"><mc:Choice Requires="x15"><x15ac:absPath url="C:\Users\Luis\Desktop\" xmlns:x15ac="http://schemas.microsoft.com/office/spreadsheetml/2010/11/ac"/></mc:Choice></mc:AlternateContent><xr:revisionPtr revIDLastSave="0" documentId="13_ncr:1_{1BF933E6-B065-4BD9-A20A-091BED7023AE}" xr6:coauthVersionLast="40" xr6:coauthVersionMax="40" xr10:uidLastSave="{00000000-0000-0000-0000-000000000000}"/><bookViews><workbookView xWindow="0" yWindow="0" windowWidth="28800" windowHeight="12225" xr2:uid="{D2607E6D-4F4E-4441-B053-0636DA2B2DE3}"/></bookViews><sheets><sheet name="Currency Volume" sheetId="1" r:id="rId1"/></sheets><calcPr calcId="181029"/><extLst><ext uri="{140A7094-0E35-4892-8432-C4D2E57EDEB5}" xmlns:x15="http://schemas.microsoft.com/office/spreadsheetml/2010/11/main"><x15:workbookPr chartTrackingRefBase="1"/></ext></extLst></workbook>